{
    "camera": {
        "fov": 65,
        "position": [
            -97.6584243774414,
            24.852497100830078,
            97.6584243774414
        ],
        "target": [
            0,
            0.5,
            0
        ],
        "startAnim": "none",
        "animTrack": null
    },
    "background": {
        "color": [
            0,
            0,
            0
        ]
    },
    "animTracks": []
}