{
    "camera": {
        "fov": 65,
        "position": [
            88.02074432373047,
            36.15998840332031,
            92.65354919433594
        ],
        "target": [
            -0.1660688257695,
            18.318352070224552,
            1.3333929776088524
        ],
        "startAnim": "none",
        "animTrack": null
    },
    "background": {
        "color": [
            0.4,
            0.4,
            0.4
        ]
    },
    "animTracks": []
}